View ID,File Name,Zone / Room,Dimensions,Aspect Ratio,Optical Elevation,Sun Direction,Intended Placement,Bengali Alt Text,English Alt Text
V01,FG-APT-01_V01_overview.jpg,Overall Apartment Envelope,1376x768,~1.792 (1376:768),45° Axonometric Bird's-Eye,10:00 AM SE 42°,Internal Reference Only (Geometry Discrepancy — Deferred from Launch),"ফ্লোগ্রিড ১,৫০০ বর্গফুট পারিবারিক বাসার ৩ডি ধারণামূলক ওভারভিউ (অভ্যন্তরীণ রেফারেন্স)","FlowGrid ~1,500 sq ft family apartment 3D concept overview (internal reference only)"
V02,FG-APT-01_V02_approach.jpg,Entrance Corridor & Doorway,1376x768,~1.792 (1376:768),1.55m Eye-Level,Corridor Downlight 3000K,Launch Candidate Still — Unit 4B Approach / Entrance,ফ্লোগ্রিড অ্যাপার্টমেন্টের সেগুন কাঠের প্রবেশদ্বার ও ৪বি ইউনিট ফলক,"Entrance approach to FlowGrid apartment with fluted teak door, long handle, and 4B unit plaque"
V03,FG-APT-01_V03_foyer.jpg,Entry Foyer & Screen,1376x768,~1.792 (1376:768),1.55m Eye-Level,10:00 AM Morning Light,Launch Candidate Still — Entry Foyer & Slatted Teak Millwork,প্রবেশ লবি থেকে লিভিং রুম ও সেগুন কাঠের পার্টিশন স্ক্রিন,Entry foyer looking into sunlit living area through handcrafted teak slatted screen
V04,FG-APT-01_V04_living.jpg,Living Room & Dining Connection,1376x768,~1.792 (1376:768),1.55m Eye-Level,10:00 AM SE 42°,Primary Launch Hero — Homepage Hero & Concept Detail Hero,লিভিং রুম থেকে ডাইনিং ও ব্যালকনির প্রশস্ত স্থানিক সংযোগ,Living room view showing open spatial transition to dining room and natural daylight diffusion
V05,FG-APT-01_V05_balcony1.jpg,Living Balcony 1 (Verandah),1376x768,~1.792 (1376:768),1.55m Eye-Level,10:00 AM Direct Sunlight,Deferred from Launch (Door Opening Continuity Conflict),লিভিং রুমের ব্যালকনি ও টেরাকোটা ফ্লোরে ঢাকার সকালের রোদ,Living room balcony with terracotta pavers and tropical morning light (deferred for door continuity correction)
V06,FG-APT-01_V06_dining.jpg,Dining Room & Kitchen Peninsula,1376x768,~1.792 (1376:768),1.55m Eye-Level,10:00 AM Ambient Sunlight,Retired from Public Set (Excluded — Duplicate Handwash Basin Glitch),ডাইনিং টেবিল ও কিচেন পেনিনসুলা (ডুপ্লিকেট বেসিন ত্রুটির কারণে পাবলিক সাইট থেকে স্থগিত),Dining room view with kitchen peninsula (retired from launch due to duplicate handwash basin artifact)
V07,FG-APT-01_V07_dining_basin.jpg,Dedicated Handwash Basin Niche,1376x768,~1.792 (1376:768),1.55m Eye-Level,Cove Halo 2700K,Retired from Public Set (Excluded — Duplicate Handwash Basin Glitch),ডাইনিং হ্যান্ডওয়াশ বেসিন নিশ (পাবলিক সাইট থেকে স্থগিত),Dining handwash basin niche detail (retired from launch due to background duplicate basin artifact)
V08,FG-APT-01_V08_kitchen.jpg,Open Kitchen & Island,1376x768,~1.792 (1376:768),1.55m Eye-Level,10:00 AM Window Light,Launch Candidate Still — Homepage Angle 02 & Joinery Showcase (Study 02),"ওপেন ওয়ার্কিং কিচেন, ডিপ গ্রিন কেবিনেটরি ও কোয়ার্টজ প্রিপারেশন আইল্যান্ড",Open working kitchen with deep pine green cabinets and durable quartz preparation island
V09,FG-APT-01_V09_corridor.jpg,Private Circulation Hallway,1376x768,~1.792 (1376:768),1.55m Eye-Level,Recessed Wall-Washers 3000K,Internal Circulation Reference (Deferred Pending Spatial Model),বেডরুমগুলোর সংযোগকারী প্রাইভেট করিডোর (অভ্যন্তরীণ রেফারেন্স),Private circulation hallway junction leading to bedrooms (internal reference pending 3D spatial alignment)
V10,FG-APT-01_V10_master_bed.jpg,Master Bedroom Suite,1376x768,~1.792 (1376:768),1.55m Eye-Level,10:00 AM Morning Sunlight,Launch Candidate Still — Homepage Angle 03 & Archive Study 03,"মাস্টার বেডরুম স্যুট, সেগুন কাঠের হেডবোর্ড ও স্নিগ্ধ প্রাকৃতিক আলো",Master bedroom suite with handcrafted fluted timber headboard and natural morning illumination
V11,FG-APT-01_V11_master_balcony.jpg,Master Balcony 2 Sit-Out,1376x768,~1.792 (1376:768),1.55m Eye-Level,10:00 AM Direct Sunlight,Launch Candidate Still — Master Suite Paired Balcony View,মাস্টার বেডরুমের প্রাইভেট ব্যালকনি সিট-আউট ও গাছপালা,Private master balcony sit-out overlooking lush greenery (strong local pairing with V10)
V12,FG-APT-01_V12_master_bath.jpg,Master En-Suite Bathroom,1376x768,~1.792 (1376:768),1.55m Eye-Level,Backlit Halo & Downlights,Launch Candidate Still — Master En-Suite Bathroom Perspective,"মাস্টার এটাচড বাথরুম, ভাসমান ভ্যানিটি ও ফ্লুটেড গ্লাস পার্টিশন",Master en-suite bathroom with floating timber vanity and frameless fluted glass partition
